participant_id,relational_density,critical_thinking_improvement,breakdown_observed,complacency_zone
P01,0.819,3.54,False,True
P02,0.551,3.43,False,False
P03,0.887,2.58,True,True
P04,0.758,2.55,True,True
P05,0.275,2.88,False,False
P06,0.98,3.39,False,True
P07,0.809,2.56,True,True
P08,0.829,3.07,True,True
P09,0.302,2.78,False,False
P10,0.56,3.54,False,False
P11,0.497,2.69,False,False
P12,0.941,3.45,False,True
P13,0.715,3.42,False,False
P14,0.858,3.66,False,True
P15,0.555,3.46,False,False
P16,0.382,3.34,False,False
P17,0.644,3.21,False,False
P18,0.251,2.86,False,False
P19,0.862,3.37,True,True
P20,0.705,3.31,False,False
P21,0.806,2.12,True,True
P22,0.484,2.85,False,False
P23,0.977,2.84,True,True
P24,0.914,3.35,True,True
P25,0.823,2.81,True,True
P26,0.356,3.29,False,False
P27,0.573,3.13,False,False
P28,0.235,3.04,True,False
P29,0.323,3.25,False,False
P30,0.746,3.3,False,False
P31,0.796,3.01,True,True
P32,0.974,2.5,True,True
P33,0.461,3.06,True,False
P34,0.496,3.08,False,False
P35,0.576,2.9,False,False
P36,0.352,3.23,False,False
P37,0.304,2.9,False,False
P38,0.581,3.27,False,False
P39,0.382,3.25,True,False
P40,0.736,3.52,False,False
P41,0.55,3.44,False,False
P42,0.866,2.6,True,True
P43,0.76,2.76,True,True
P44,0.45,3.14,False,False
P45,0.866,2.02,True,True
P46,0.844,2.54,True,True
P47,0.51,2.81,True,False
P48,0.431,2.85,True,False
P49,0.746,3.52,False,False
P50,0.312,2.78,False,False
P51,0.36,2.97,False,False
P52,0.206,3.35,False,False
